Date,Headline,Coin
2025-08-14,"Wall Street Still Underrates Bitcoin’s True Potential, Says Michael Saylor",BTC-USD
2025-08-14,"Binance Bitcoin Reserves Surge To 579,000 BTC – Signal Of Profit-Taking Or Bullish Liquidity?",BTC-USD
2025-08-14,"Billionaire Predicts Massive $600 Billion U.S. Bitcoin Purchase – Gold Out, BTC In!",BTC-USD
2025-08-14,Bitcoin and crypto market could surge higher due to these four untapped developments: Bitwise,BTC-USD
2025-08-14,Strategy Makes It Official—Legal Name Switch Hints at Bigger Moves,BTC-USD
2025-08-14,Ripple’s XRP Path to $10 Mapped Out as 414% Rally and Record Whale Holdings Signal Surprising Upside,BTC-USD
2025-08-14,"Wall Street Underestimates Bitcoin’s Capital Value, Saylor Says",BTC-USD
2025-08-14,"Crypto Price Prediction Today 14 August – XRP, Sei, OKB",BTC-USD
2025-08-14,"Bessent backtracks, says Treasury committed to ‘exploring budget-neutral pathways’ to add Bitcoin",BTC-USD
2025-08-14,Trump-backed American Bitcoin orders 16K Bitmain ASICs amid ongoing trade war,BTC-USD
2025-08-14,"Bailey’s Nakamoto Clears Merger, Gaining Capacity for $740 Million Bitcoin Buy",BTC-USD
2025-08-14,TRON Long-Term Holders See Massive Gains As TRX Pushes Toward Multi-Year Highs,BTC-USD
2025-08-14,Treasury Secretary Scott Bessent Says U.S. Will Acquire More Bitcoin to Solve the $37T Debt Crisis,BTC-USD
2025-08-14,Is the World Running Out of Bitcoin? The MicroStrategy ‘Reseller’ Theory‬,BTC-USD
2025-08-14,"Dormant Bitcoin Vaults Stir: 1,799 BTC Worth $212.77M Moves After Years of Silence",BTC-USD
2025-08-14,Block Unveils Bitcoin Mining Rig Built to Last 10 Years,BTC-USD
2025-08-14,KULR Technology Stock Surges On Q2 Earnings After Bitcoin Treasury Company Tops Estimates,BTC-USD
2025-08-14,"Bitcoin Is Just Getting Started, Bitcoin Intelligence Report",BTC-USD
2025-08-14,Jack Dorsey's Block Launches Bitcoin Mining Rig,BTC-USD
2025-08-14,David Bailey’s Nakamoto and KindlyMD close merger for Bitcoin treasury,BTC-USD
2025-08-14,"Bitcoin Cash Price Forecast: BCH hits new yearly high, BTC reaches all-time high",BCH-USD
2025-08-13,"Crypto Price Prediction Today 13 August – XRP, PUMP, Bitcoin Cash",BCH-USD
2025-08-13,BCH Price Holds Steady During Market Slide — What Next for Bitcoin Cash?,BCH-USD
2025-08-12,Cold Wallet’s $5.9M Presale Outshines Solana’s $180 Target & Bitcoin Cash’s $664 Goal!,BCH-USD
2025-08-12,Bitcoin Cash Price Eyes Quick 12% Gain: Bulls Hold Ground,BCH-USD
2025-08-12,BCH looks to break key resistance as Bitcoin Cash volume jumps 30%,BCH-USD
2025-08-12,"Crypto Gainers Today: PUMP eyes further recovery as BCH, CRO rally",BCH-USD
2025-08-10,3 Reasons BTC Rally Failed to Lift BCH Above 10-Day Resistance,BCH-USD
2025-08-07,"Bitcoin Cash Price Can Cross $600, Only If This Pattern Holds",BCH-USD
2025-08-14,"Chainlink Reserve Adds 44,109.76 LINK Worth $1M, Now Holds 109,662 LINK Valued Over $2.5M, Secures $82.5B in Ethereum DeFi",LINK-USD
2025-08-14,"Ethereum, Solana Lead Crypto Social Media Discussions — What About Bitcoin?",LINK-USD
2025-08-14,$100 LINK by 2025? The Bold Chainlink Prediction No One Saw Coming,LINK-USD
2025-08-14,Chainlink Rallies Nearly 40% in a Week as Whale Activity Surges,LINK-USD
2025-08-14,Chainlink Adds $1.03M LINK to Reserve – Is a Bigger Buy Program Underway?,LINK-USD
2025-08-14,"Chainlink’s LINK Hoard Blasts Past 100,000",LINK-USD
2025-08-14,Best crypto to buy now: find out why Remittix is leading the charge over Sui and Chainlink price rises,LINK-USD
2025-08-14,"LINK Pauses After 44% Rally, Eyes $29 Resistance",LINK-USD
2025-08-14,Google Searches for Chainlink Hit 3-Year High as LINK Targets $47,LINK-USD
2025-08-14,LINK reaches three-month high on peak community sentiment,LINK-USD
2025-08-14,Chainlink Emerges as Top Large-Cap RWA Play After 50% Fortnightly Surge,LINK-USD
2025-08-14,Chainlink Price Breaks 8-Month High as Wall Street Backs Link – Here’s What’s Next,LINK-USD
2025-08-14,"Analyst Calls Chainlink This Cycle's 'Most Obvious' Large-Cap Crypto Jackpot, Compares It To AWS, Microsoft Azure, Google Cloud",LINK-USD
2025-08-14,Chainlink&#039;s back: LINK up 44% as traders eye ‘round 2’ rally,LINK-USD
2025-08-14,Chainlink [LINK] reclaims $24 – A 82% spike could follow IF…,LINK-USD
2025-08-13,"Google’s Gemini AI Predicts the Price of XRP, Chainlink and Solana by the End of 2025",LINK-USD
2025-08-13,Chainlink Surges Above $24 as Whale Activity and Bullish Sentiment Hit Multi-Month Highs,LINK-USD
2025-08-13,"Price predictions 8/13: BTC, ETH, XRP, BNB, SOL, DOGE, ADA, LINK, HYPE, XLM",LINK-USD
2025-08-13,"Mysterious Entity Abruptly Accumulates $1,340,000,000 in Ethereum From Galaxy, Bitgo and FalconX: Lookonchain",LINK-USD
2025-08-13,Dogecoin Draws New Attention As Open Interest Tops $3 Billion,LINK-USD
